,片名,国家,年代,导演,评分,人数,类型,短评
1,肖申克的救赎,美国,1994,弗兰克·德拉邦特,9.7,1746699,犯罪 剧情,希望让人自由。
2,霸王别姬,中国大陆 中国香港,1993,陈凯歌,9.6,1290699,剧情 爱情 同性,风华绝代。
3,阿甘正传,美国,1994,罗伯特·泽米吉斯,9.5,1346921,剧情 爱情,一部美国近现代史。
4,这个杀手不太冷,法国,1994,吕克·贝松,9.4,1541793,剧情 动作 犯罪,怪蜀黍和小萝莉不得不说的故事。
5,美丽人生,意大利,1997,罗伯托·贝尼尼,9.5,819858,剧情 喜剧 爱情 战争,最美的谎言。
6,泰坦尼克号,美国,1997,詹姆斯·卡梅隆,9.4,1284683,剧情 爱情 灾难,失去的才是永恒的。 
7,千与千寻,日本,2001,宫崎骏,9.3,1375715,剧情 动画 奇幻,最好的宫崎骏，最好的久石让。 
8,辛德勒的名单,美国,1993,史蒂文·斯皮尔伯格,9.5,692749,剧情 历史 战争,拯救一个人，就是拯救整个世界。
9,盗梦空间,美国 英国,2010,克里斯托弗·诺兰,9.3,1312274,剧情 科幻 悬疑 冒险,诺兰给了我们一场无法盗取的梦。
10,忠犬八公的故事,美国 英国,2009,莱塞·霍尔斯道姆,9.3,889947,剧情,永远都不能忘记你所爱的人。
11,海上钢琴师,意大利,1998,朱塞佩·托纳多雷,9.3,1073218,剧情 音乐,每个人都要走一条自己坚定了的路，就算是粉身碎骨。 
12,机器人总动员,美国,2008,安德鲁·斯坦顿,9.3,867559,科幻 动画 冒险,小瓦力，大人生。
13,三傻大闹宝莱坞,印度,2009,拉库马·希拉尼,9.2,1191540,剧情 喜剧 爱情 歌舞,英俊版憨豆，高情商版谢耳朵。
14,楚门的世界,美国,1998,彼得·威尔,9.3,938357,剧情 科幻,如果再也不能见到你，祝你早安，午安，晚安。
15,放牛班的春天,法国 瑞士 德国,2004,克里斯托夫·巴拉蒂,9.3,832841,剧情 音乐,天籁一般的童声，是最接近上帝的存在。 
16,星际穿越,美国 英国 加拿大 冰岛,2014,克里斯托弗·诺兰,9.3,955478,剧情 科幻 冒险,爱是一种力量，让我们超越时空感知它的存在。
17,大话西游之大圣娶亲,中国香港 中国大陆,1995,刘镇伟,9.2,934604,喜剧 爱情 奇幻 古装,一生所爱。
18,熔炉,韩国,2011,黄东赫,9.3,565131,剧情,我们一路奋战不是为了改变世界，而是为了不让世界改变我们。
19,龙猫,日本,1988,宫崎骏,9.2,808421,动画 奇幻 冒险,人人心中都有个龙猫，童年就永远不会消失。
20,无间道,中国香港,2002,刘伟强,9.2,766380,剧情 犯罪 悬疑,香港电影史上永不过时的杰作。
21,教父,美国,1972,弗朗西斯·福特·科波拉,9.3,592701,剧情 犯罪,千万不要记恨你的对手，这样会让你失去理智。
22,疯狂动物城,美国,2016,拜伦·霍华德,9.2,1095694,喜剧 动画 冒险,迪士尼给我们营造的乌托邦就是这样，永远善良勇敢，永远出乎意料。
23,当幸福来敲门,美国,2006,加布里尔·穆奇诺,9.1,963706,剧情 传记 家庭,平民励志片。 
24,怦然心动,美国,2010,罗伯·莱纳,9.0,1093315,剧情 喜剧 爱情,真正的幸福是来自内心深处。
25,触不可及,法国,2011,奥利维·那卡什,9.2,630725,剧情 喜剧,满满温情的高雅喜剧。
26,蝙蝠侠：黑暗骑士,美国 英国,2008,克里斯托弗·诺兰,9.2,643914,剧情 动作 科幻 犯罪 惊悚,无尽的黑暗。
27,活着,中国大陆 中国香港,1994,张艺谋,9.2,497480,剧情 历史 家庭,张艺谋最好的电影。
28,控方证人,美国,1957,比利·怀尔德,9.6,233589,剧情 犯罪 悬疑,比利·怀德满分作品。
29,乱世佳人,美国,1939,维克多·弗莱明,9.3,429487,剧情 历史 爱情 战争,Tomorrow is another day.
30,少年派的奇幻漂流,美国 中国台湾 英国 加拿大,2012,李安,9.0,929916,剧情 奇幻 冒险,瑰丽壮观、无人能及的冒险之旅。
31,摔跤吧！爸爸,印度,2016,涅提·蒂瓦里,9.0,961390,剧情 传记 运动 家庭,你不是在为你一个人战斗，你要让千千万万的女性看到女生并不是只能相夫教子。
32,指环王3：王者无敌,美国 新西兰,2003,彼得·杰克逊,9.2,473416,剧情 动作 奇幻 冒险,史诗的终章。
33,飞屋环游记,美国,2009,彼特·道格特,9.0,851829,剧情 喜剧 动画 冒险,最后那些最无聊的事情，才是最值得怀念的。 
34,鬼子来了,中国大陆,2000,姜文,9.2,399207,剧情 历史 战争,对敌人的仁慈，就是对自己残忍。
35,十二怒汉,美国,1957,Sidney,9.4,285080,剧情,1957年的理想主义。 
36,寻梦环游记,美国,2017,李·昂克里奇,9.1,916074,喜剧 动画 奇幻 音乐,死亡不是真的逝去，遗忘才是永恒的消亡。
37,末代皇帝,英国 意大利 中国大陆 法国,1987,贝纳尔多·贝托鲁奇,9.2,419118,剧情 传记 历史,“不要跟我比惨，我比你更惨”再适合这部电影不过了。
38,天空之城,日本,1986,宫崎骏,9.1,546840,动画 奇幻 冒险,对天空的追逐，永不停止。 
39,天堂电影院,意大利 法国,1988,朱塞佩·托纳多雷,9.2,443634,剧情 爱情,那些吻戏，那些青春，都在影院的黑暗里被泪水冲刷得无比清晰。
40,大话西游之月光宝盒,中国香港 中国大陆,1995,刘镇伟,9.0,755163,喜剧 爱情 奇幻 古装,旷古烁今。
41,哈尔的移动城堡,日本,2004,宫崎骏,9.0,620563,动画 奇幻 冒险,带着心爱的人在天空飞翔。
42,罗马假日,美国,1953,威廉·惠勒,9.0,628483,喜剧 剧情 爱情,爱情哪怕只有一天。
43,搏击俱乐部,美国 德国,1999,大卫·芬奇,9.0,583095,剧情 动作 悬疑 惊悚,邪恶与平庸蛰伏于同一个母体，在特定的时间互相对峙。
44,素媛,韩国,2013,李濬益,9.2,371755,剧情,受过伤害的人总是笑得最开心，因为他们不愿意让身边的人承受一样的痛苦。
45,闻香识女人,美国,1992,马丁·布莱斯,9.0,542530,剧情,史上最美的探戈。
46,何以为家,黎巴嫩 法国 美国,2018,娜丁·拉巴基,9.1,480713,剧情,凝视卑弱生命，用电影改变命运。
47,辩护人,韩国,2013,杨宇硕,9.2,378131,剧情,电影的现实意义大过电影本身。
48,窃听风暴,德国,2006,弗洛里安·亨克尔·冯·多纳斯马尔克,9.1,369378,剧情 悬疑,别样人生。
49,死亡诗社,美国,1989,彼得·威尔,9.1,449203,剧情,当一个死水般的体制内出现一个活跃的变数时，所有的腐臭都站在了光明的对面。
50,教父2,美国,1974,弗朗西斯·福特·科波拉,9.2,324285,剧情 犯罪,优雅的孤独。
51,指环王2：双塔奇兵,美国 新西兰,2002,彼得·杰克逊,9.1,437588,剧情 动作 奇幻 冒险,承前启后的史诗篇章。
52,狮子王,美国,1994,Roger,9.0,491277,动画 冒险 歌舞,动物版《哈姆雷特》。
53,两杆大烟枪,英国,1998,Guy,9.1,394693,剧情 喜剧 犯罪,4个臭皮匠顶个诸葛亮，盖·里奇果然不是盖的。
54,飞越疯人院,美国,1975,米洛斯·福尔曼,9.1,398596,剧情,自由万岁。
55,指环王1：魔戒再现,新西兰 美国,2001,彼得·杰克逊,9.0,491655,剧情 动作 奇幻 冒险,传说的开始。
56,V字仇杀队,美国 英国 德国,2005,詹姆斯·麦克特格,8.9,690311,剧情 动作 科幻 惊悚,一张面具背后的理想与革命。
57,饮食男女,中国台湾 美国,1994,李安,9.1,350586,剧情 家庭,人生不能像做菜，把所有的料都准备好了才下锅。
58,美丽心灵,美国,2001,朗·霍华德,9.0,482734,传记 剧情,爱是一切逻辑和原由。
59,哈利·波特与魔法石,美国 英国,2001,Chris,8.9,538222,奇幻 冒险,童话世界的开端。
60,大闹天宫,中国大陆,1961,万籁鸣,9.3,222997,动画 奇幻,经典之作，历久弥新。
61,钢琴家,法国 德国 英国 波兰,2002,罗曼·波兰斯基,9.1,321933,剧情 传记 历史 战争 音乐,音乐能化解仇恨。
62,黑客帝国,美国 澳大利亚,1999,安迪·沃卓斯基,9.0,484777,动作 科幻,视觉革命。
63,本杰明·巴顿奇事,美国,2008,大卫·芬奇,8.9,631998,剧情 爱情 奇幻,在时间之河里感受溺水之苦。
64,海豚湾,美国,2009,路易·西霍尤斯,9.3,263123,纪录片,海豚的微笑，是世界上最高明的伪装。
65,我不是药神,中国大陆,2018,文牧野,9.0,1318963,剧情 喜剧,对我们国家而言，这样的电影多一部是一部。
66,情书,日本,1995,岩井俊二,8.9,588246,剧情 爱情,暗恋的极致。
67,看不见的客人,西班牙,2016,奥里奥尔·保罗,8.8,715899,剧情 犯罪 悬疑 惊悚,你以为你以为的就是你以为的。
68,让子弹飞,中国大陆 中国香港,2010,姜文,8.8,1032225,剧情 喜剧 动作 西部,你给我翻译翻译，神马叫做TMD的惊喜。
69,猫鼠游戏,美国 加拿大,2002,史蒂文·斯皮尔伯格,8.9,470489,传记 犯罪 剧情,骗子大师和执著警探的你追我跑故事。 
70,西西里的美丽传说,意大利 美国,2000,朱塞佩·托纳多雷,8.9,613732,剧情 战争 情色,美丽无罪。
71,小鞋子,伊朗,1997,马基德·马基迪,9.2,245278,剧情 儿童 家庭,奔跑的孩子是天使。
72,拯救大兵瑞恩,美国,1998,史蒂文·斯皮尔伯格,9.0,407039,剧情 历史 战争,美利坚精神输出大片No1.
73,美国往事,美国 意大利,1984,赛尔乔·莱翁内,9.2,271495,犯罪 剧情,往事如烟，无处祭奠。
74,音乐之声,美国,1965,罗伯特·怀斯,9.0,375412,剧情 传记 爱情 歌舞,用音乐化解仇恨，让歌声串起美好。
75,致命魔术,美国 英国,2006,克里斯托弗·诺兰,8.9,541352,剧情 悬疑 惊悚,孪生蝙蝠侠大战克隆金刚狼。
76,七宗罪,美国,1995,大卫·芬奇,8.8,638471,剧情 犯罪 悬疑 惊悚,警察抓小偷，老鼠玩死猫。
77,穿条纹睡衣的男孩,英国 美国,2008,马克·赫尔曼,9.1,297582,剧情 战争,尽管有些不切实际的幻想，这部电影依旧是一部感人肺腑的佳作。
78,低俗小说,美国,1994,昆汀·塔伦蒂诺,8.8,541868,剧情 喜剧 犯罪,故事的高级讲法。
79,被嫌弃的松子的一生,日本,2006,中岛哲也,8.9,485033,剧情 歌舞,以戏谑来戏谑戏谑。
80,沉默的羔羊,美国,1991,乔纳森·戴米,8.8,538803,剧情 犯罪 惊悚,安东尼·霍普金斯的顶级表演。
81,蝴蝶效应,美国 加拿大,2004,埃里克·布雷斯,8.8,594280,剧情 悬疑 科幻 惊悚,人的命运被自己瞬间的抉择改变。
82,春光乍泄,中国香港 日本 韩国,1997,王家卫,8.9,401787,剧情 爱情 同性,爱情纠缠，男女一致。
83,心灵捕手,美国,1997,格斯·范·桑特,8.9,441315,剧情,人生中应该拥有这样的一段豁然开朗。
84,禁闭岛,美国,2010,Martin,8.8,589761,剧情 悬疑 惊悚,昔日翩翩少年，今日大腹便便。
85,布达佩斯大饭店,美国 德国 英国,2014,韦斯·安德森,8.8,552895,剧情 喜剧 冒险,小清新的故事里注入了大历史的情怀。
86,勇敢的心,美国,1995,梅尔·吉布森,8.9,412864,动作 传记 剧情 历史 战争,史诗大片的典范。
87,剪刀手爱德华,美国,1990,蒂姆·波顿,8.7,727898,剧情 奇幻 爱情,浪漫忧郁的成人童话。
88,天使爱美丽,法国 德国,2001,让-皮埃尔·热内,8.7,703489,喜剧 爱情,法式小清新。 
89,阿凡达,美国 英国,2009,詹姆斯·卡梅隆,8.7,858268,动作 科幻 冒险,绝对意义上的美轮美奂。
90,摩登时代,美国,1936,查理·卓别林,9.3,170668,剧情 喜剧 爱情,大时代中的人生，小人物的悲喜。
91,加勒比海盗,美国,2003,戈尔·维宾斯基,8.7,566956,动作 冒险 奇幻,约翰尼·德普的独角戏。
92,致命ID,美国,2003,James,8.8,494527,剧情 悬疑 惊悚,最不可能的那个人永远是最可能的。
93,断背山,美国 加拿大,2005,李安,8.8,486283,剧情 爱情 同性 家庭,每个人心中都有一座断背山。
94,幽灵公主,日本,1997,宫崎骏,8.9,358571,动画 奇幻 冒险,人与自然的战争史诗。
95,入殓师,日本,2008,泷田洋二郎,8.8,422938,剧情,死可能是一道门，逝去并不是终结，而是超越，走向下一程。
96,喜剧之王,中国香港,1999,周星驰,8.7,576513,喜剧 剧情 爱情,我是一个演员。
97,阳光灿烂的日子,中国大陆 中国香港,1994,姜文,8.8,409690,剧情 爱情,一场华丽的意淫。
98,狩猎,丹麦 瑞典,2012,托马斯·温特伯格,9.1,216238,剧情,人言可畏。
99,重庆森林,中国香港,1994,王家卫,8.7,511649,剧情 爱情,寂寞没有期限。
100,海蒂和爷爷,德国 瑞士 南非,2015,阿兰·葛斯彭纳,9.2,184304,剧情 冒险 家庭,如果生活中有什么使你感到快乐，那就去做吧！不要管别人说什么。
101,第六感,美国,1999,M·奈特·沙马兰,8.9,351820,剧情 悬疑 惊悚,深入内心的恐怖，出人意料的结局。
102,杀人回忆,韩国,2003,奉俊昊,8.8,386880,犯罪 剧情 悬疑 惊悚,关于连环杀人悬案的集体回忆。
103,小森林 夏秋篇,日本,2014,森淳一,9.0,253868,剧情,那些静得只能听见呼吸的日子里，你明白孤独即生活。
104,玛丽和马克思,澳大利亚,2009,亚当·艾略特,8.9,307039,剧情 喜剧 动画,你是我最好的朋友，你是我唯一的朋友 。
105,消失的爱人,美国,2014,大卫·芬奇,8.7,573749,剧情 犯罪 悬疑 惊悚,年度最佳date movie。
106,请以你的名字呼唤我,意大利 法国 巴西 美国 荷兰 德国,2017,卢卡·瓜达尼诺,8.9,371668,剧情 爱情 同性,沉醉在电影的情感和视听氛围中无法自拔。
107,告白,日本,2010,中岛哲也,8.7,500131,剧情 惊悚,没有一人完全善，也没有一人完全恶。
108,一一,中国台湾 日本,2000,杨德昌,9.0,226230,剧情 爱情 家庭,我们都曾经是一一。
109,红辣椒,日本,2006,今敏,9.0,238290,动画 悬疑 科幻 惊悚,梦的勾结。
110,爱在黎明破晓前,美国 奥地利 瑞士,1995,理查德·林克莱特,8.8,360365,剧情 爱情,缘分是个连绵词，最美不过一瞬。
111,大鱼,美国,2003,蒂姆·波顿,8.8,376918,剧情 家庭 奇幻 冒险,抱着梦想而活着的人是幸福的，怀抱梦想而死去的人是不朽的。
112,阳光姐妹淘,韩国,2011,姜炯哲,8.8,409937,剧情 喜剧,再多各自牛逼的时光，也比不上一起傻逼的岁月。 
113,7号房的礼物,韩国,2013,李焕庆,8.8,313483,剧情 喜剧 家庭,《我是山姆》的《美丽人生》。
114,侧耳倾听,日本,1995,近藤喜文,8.9,283277,剧情 爱情 动画,少女情怀总是诗。
115,哈利·波特与死亡圣器(下),美国 英国,2011,大卫·叶茨,8.8,454837,剧情 悬疑 奇幻 冒险,10年的完美句点。
116,绿皮书,美国,2018,彼得·法雷里,8.9,886429,剧情 喜剧 传记,去除成见，需要勇气。
117,射雕英雄传之东成西就,中国香港,1993,刘镇伟,8.7,416855,喜剧 奇幻 武侠 古装,百看不厌。 
118,甜蜜蜜,中国香港,1996,陈可辛,8.8,331265,剧情 爱情,相逢只要一瞬间，等待却像是一辈子。
119,超脱,美国,2011,托尼·凯耶,8.9,287253,剧情,穷尽一生，我们要学会的，不过是彼此拥抱。
120,小森林 冬春篇,日本,2015,森淳一,9.0,221237,剧情,尊敬他人，尊敬你生活的这片土地，明白孤独是人生的常态。
121,倩女幽魂,中国香港,1987,程小东,8.7,442857,爱情 奇幻 武侠 古装,两张绝世的脸。 
122,蝙蝠侠：黑暗骑士崛起,美国 英国,2012,克里斯托弗·诺兰,8.7,457979,剧情 动作 科幻 犯罪 惊悚,诺兰就是保证。
123,驯龙高手,美国,2010,迪恩·德布洛斯,8.7,480827,动画 奇幻 冒险,和谐的生活离不开摸头与被摸头。
124,菊次郎的夏天,日本,1999,北野武,8.8,317001,剧情 喜剧,从没见过那么流氓的温柔，从没见过那么温柔的流氓。
125,唐伯虎点秋香,中国香港,1993,李力持,8.6,616668,喜剧 爱情 古装,华太师是黄霑，吴镇宇四大才子之一。
126,恐怖直播,韩国,2013,金秉祐,8.8,386822,剧情 犯罪 悬疑,恐怖分子的“秋菊打官司”。
127,爱在日落黄昏时,美国,2004,理查德·林克莱特,8.8,313015,剧情 爱情,九年后的重逢是世俗和责任的交叠，没了悸动和青涩，沧桑而温暖。
128,萤火之森,日本,2011,大森贵弘,8.8,296552,剧情 爱情 动画 奇幻,触不到的恋人。
129,幸福终点站,美国,2004,史蒂文·斯皮尔伯格,8.8,338587,喜剧 剧情 爱情,有时候幸福需要等一等。 
130,超能陆战队,美国,2014,唐·霍尔,8.7,622127,喜剧 动作 科幻 动画 冒险,Balalala~~~
131,借东西的小人阿莉埃蒂,日本,2010,米林宏昌,8.8,336260,动画 奇幻 冒险,曾经的那段美好会沉淀为一辈子的记忆。
132,无人知晓,日本,2004,是枝裕和,9.1,156366,剧情,我的平常生活就是他人的幸福。
133,风之谷,日本,1984,宫崎骏,8.8,260323,动画 奇幻 冒险,动画片的圣经。
134,神偷奶爸,美国 法国,2010,皮艾尔·柯芬,8.6,627089,喜剧 动画 冒险,Mr. I Don't Care其实也有Care的时候。
135,上帝之城,巴西 法国,2002,费尔南多·梅里尔斯,8.9,213134,犯罪 剧情,被上帝抛弃了的上帝之城。
136,怪兽电力公司,美国,2001,彼特·道格特,8.7,399998,儿童 喜剧 动画 奇幻 冒险,不要给它起名字，起了名字就有感情了。
137,玩具总动员3,美国,2010,李·昂克里奇,8.8,310212,喜剧 动画 奇幻 冒险,跨度十五年的欢乐与泪水。
138,血战钢锯岭,美国 澳大利亚,2016,梅尔·吉布森,8.7,518631,剧情 传记 历史 战争,优秀的战争片不会美化战场，不会粉饰死亡，不会矮化敌人，不会无视常识，最重要的，不会宣扬战争。
139,电锯惊魂,美国,2004,詹姆斯·温,8.7,318292,悬疑 惊悚 恐怖,真相就在眼前。
140,岁月神偷,中国香港 中国大陆,2010,罗启锐,8.7,421502,剧情 家庭,岁月流逝，来日可追。
141,喜宴,中国台湾 美国,1993,李安,8.9,215679,剧情 喜剧 爱情 同性 家庭,中国家庭的喜怒哀乐忍。
142,完美的世界,美国,1993,克林特·伊斯特伍德,9.1,144191,剧情 犯罪,坏人的好总是比好人的好来得更感人。
143,七武士,日本,1954,黑泽明,9.2,120274,动作 冒险 剧情,时代悲歌。
144,时空恋旅人,英国,2013,理查德·柯蒂斯,8.7,337121,喜剧 爱情 奇幻,把每天当作最后一天般珍惜度过，积极拥抱生活，就是幸福。
145,谍影重重3,美国 德国,2007,保罗·格林格拉斯,8.8,277482,动作 悬疑 惊悚,像吃了苏打饼一样干脆的电影。
146,傲慢与偏见,法国 英国 美国,2005,乔·怀特,8.6,471287,剧情 爱情,爱是摈弃傲慢与偏见之后的曙光。
147,英雄本色,中国香港,1986,吴宇森,8.7,310337,剧情 动作 犯罪,英雄泪短，兄弟情长。 
148,疯狂原始人,美国,2013,科克·德·米科,8.7,561362,喜剧 动画 冒险,老少皆宜，这就是好莱坞动画的魅力。
149,真爱至上,英国 美国 法国,2003,理查德·柯蒂斯,8.6,471542,喜剧 剧情 爱情,爱，是个动词。
150,教父3,美国,1990,弗朗西斯·福特·科波拉,8.9,213990,剧情 犯罪,任何信念的力量，都无法改变命运。
151,萤火虫之墓,日本,1988,高畑勋,8.7,292567,动画 剧情 战争,幸福是生生不息，却难以触及的远。 
152,东邪西毒,中国香港 中国台湾,1994,王家卫,8.6,393553,剧情 动作 爱情 武侠 古装,电影诗。
153,被解救的姜戈,美国,2012,昆汀·塔伦蒂诺,8.7,392967,剧情 动作 西部 冒险,热血沸腾，那个低俗、性感的无耻混蛋又来了。
154,心迷宫,中国大陆,2014,忻钰坤,8.7,304855,剧情 犯罪 悬疑,荒诞讽刺，千奇百巧，抽丝剥茧，百转千回。
155,爆裂鼓手,美国,2014,达米恩·查泽雷,8.7,351293,剧情 音乐,这个世界从不善待努力的人，努力了也不一定会成功，但是知道自己在努力，就是活下去的动力。
156,纵横四海,中国香港,1991,吴宇森,8.8,251954,剧情 喜剧 动作 犯罪,香港浪漫主义警匪动作片的巅峰之作。
157,三块广告牌,美国 英国,2017,马丁·麦克唐纳,8.7,542589,剧情 犯罪,怼天怼地，你走后，她与世界为敌。
158,贫民窟的百万富翁,英国 美国,2008,丹尼·鲍尔,8.6,525478,剧情 爱情,上帝之城+猜火车+阿甘正传+开心辞典=山寨富翁
159,记忆碎片,美国,2000,克里斯托弗·诺兰,8.6,400454,犯罪 剧情 悬疑 惊悚,一个针管引发的血案。
160,黑天鹅,美国,2010,达伦·阿罗诺夫斯基,8.5,585073,剧情 惊悚,黑暗之美。
161,荒蛮故事,阿根廷 西班牙,2014,达米安·斯兹弗隆,8.8,251306,剧情 喜剧 犯罪,始于荒诞，止于更荒诞。
162,哪吒闹海,中国大陆,1979,严定宪,9.0,149632,冒险 动画 奇幻,想你时你在闹海。
163,达拉斯买家俱乐部,美国,2013,让-马克·瓦雷,8.8,288216,剧情 传记 同性,Jared Leto的腿比女人还美！
164,我是山姆,美国,2001,杰茜·尼尔森,8.9,179569,剧情 家庭,爱并不需要智商 。
165,你的名字。,日本,2016,新海诚,8.4,853384,剧情 爱情 动画,穿越错位的时空，仰望陨落的星辰，你没留下你的名字，我却无法忘记那句“我爱你”。
166,花样年华,中国香港,2000,王家卫,8.6,364572,剧情 爱情,偷情本没有这样美。
167,雨人,美国,1988,巴瑞·莱文森,8.7,284936,剧情,生活在自己的世界里，也可以让周围的人显得可笑和渺小。
168,天书奇谭,中国大陆,1983,王树忱,9.2,112220,动画 奇幻,传奇的年代，醉人的童话。
169,头号玩家,美国,2018,史蒂文·斯皮尔伯格,8.7,909520,动作 科幻 冒险,写给影迷，动漫迷和游戏迷的一封情书。
170,卢旺达饭店,英国 南非 意大利,2004,特瑞·乔治,8.9,178038,剧情 历史 战争,当这个世界闭上双眼，他却敞开了怀抱。
171,功夫,中国大陆 中国香港,2004,周星驰,8.5,546468,动作 喜剧 犯罪 奇幻,警恶惩奸，维护世界和平这个任务就交给你了，好吗？
172,头脑特工队,美国,2015,彼特·道格特,8.7,371996,喜剧 动画 冒险,愿我们都不用长大，每一座城堡都能永远存在。
173,你看起来好像很好吃,日本,2010,藤森雅也,8.8,219556,剧情 动画 儿童,感情不分食草或者食肉。
174,忠犬八公物语,日本,1987,Seijirô,9.1,111079,剧情,养狗三日，便会对你终其一生。
175,无敌破坏王,美国,2012,瑞奇·莫尔,8.7,336293,喜剧 动画 奇幻 冒险,迪士尼和皮克斯拿错剧本的产物。
176,未麻的部屋,日本,1997,今敏,8.9,164892,动画 奇幻 惊悚,好的剧本是，就算你猜到了结局也猜不到全部。
177,一个叫欧维的男人决定去死,瑞典,2015,汉内斯·赫尔姆,8.8,221442,剧情,惠及一生的美丽。
178,海边的曼彻斯特,美国,2016,肯尼斯·罗纳根,8.6,319605,剧情 家庭,我们都有权利不与自己的过去和解。
179,模仿游戏,英国 美国,2014,莫滕·泰杜姆,8.6,385266,剧情 传记 战争 同性,他给机器起名“克里斯托弗”，因为这是他初恋的名字。
180,恋恋笔记本,美国,2004,尼克·卡索维茨,8.5,416946,剧情 爱情,爱情没有那么多借口，如果不能圆满，只能说明爱的不够。 
181,冰川时代,美国,2002,卡洛斯·沙尔丹哈,8.5,410851,喜剧 动画 冒险,松鼠才是角儿。
182,二十二,中国大陆,2015,郭柯,8.7,189155,纪录片,有一些东西不应该被遗忘。
183,黑客帝国3：矩阵革命,美国 澳大利亚,2003,Andy,8.7,254933,动作 科幻,不得不说，《黑客帝国》系列是商业片与科幻、哲学完美结合的典范。
184,虎口脱险,法国 英国,1966,杰拉尔·乌里,8.9,151892,喜剧 战争,永远看不腻的喜剧。
185,雨中曲,美国,1952,斯坦利·多南,9.0,134897,喜剧 歌舞 爱情,骨灰级歌舞片。
186,海街日记,日本,2015,是枝裕和,8.7,239297,剧情 家庭,是枝裕和的家庭习作。
187,人工智能,美国,2001,史蒂文·斯皮尔伯格,8.6,280384,冒险 剧情 科幻,对爱的执着，可以超越一切。
188,海洋,法国 瑞士 西班牙 美国 阿联酋,2009,雅克·贝汉,9.1,121608,纪录片,大海啊，不全是水。
189,房间,爱尔兰 加拿大 英国 美国,2015,伦尼·阿伯拉罕森,8.8,250879,剧情 家庭,被偷走的岁月，被伤害的生命，被禁锢的灵魂，终将被希望和善意救赎。
190,魔女宅急便,日本,1989,宫崎骏,8.6,302465,动画 奇幻 冒险,宫崎骏的电影总让人感觉世界是美好的，阳光明媚的。
191,恐怖游轮,英国 澳大利亚,2009,克里斯托弗·史密斯,8.4,501596,剧情 悬疑 惊悚,不要企图在重复中寻找已经失去的爱。
192,惊魂记,美国,1960,阿尔弗雷德·希区柯克,8.9,142902,悬疑 惊悚 恐怖,故事的反转与反转，分裂电影的始祖。
193,燃情岁月,美国,1994,爱德华·兹威克,8.8,197512,剧情 爱情 战争 西部,传奇，不是每个人都可以拥有。
194,罗生门,日本,1950,黑泽明,8.8,194709,犯罪 剧情 悬疑,人生的N种可能性。
195,釜山行,韩国,2016,延尚昊,8.4,649556,动作 惊悚 灾难,揭露人性的丧尸题材力作。
196,穿越时空的少女,日本,2006,细田守,8.6,270410,剧情 爱情 科幻 动画,爱上未来的你。 
197,魂断蓝桥,美国,1940,茂文·勒鲁瓦,8.8,177261,剧情 爱情 战争,中国式内在的美国电影。
198,人生果实,日本,2017,伏原健之,9.5,58829,纪录片,土壤没有落叶不会肥沃，没有了你就不算人生。
199,疯狂的石头,中国大陆 中国香港,2006,宁浩,8.4,501046,喜剧 犯罪,中国版《两杆大烟枪》。
200,奇迹男孩,美国 中国香港,2017,斯蒂芬·卓博斯基,8.6,361606,剧情 儿童 家庭,世界不完美，爱会有奇迹。
201,终结者2：审判日,美国 法国,1991,詹姆斯·卡梅隆,8.7,222685,动作 科幻,少见的超越首部的续集，动作片中的经典。
202,完美陌生人,意大利,2016,保罗·格诺维瑟,8.5,360721,剧情 喜剧,来啊，互相伤害啊！
203,新世界,韩国,2013,朴勋政,8.8,181823,剧情 犯罪,要做就做得狠一点，这样才能活下去。
204,猜火车,英国,1996,丹尼·博伊尔,8.5,320893,剧情 犯罪,不可猜的青春迷笛。 
205,阿飞正传,中国香港,1990,王家卫,8.5,320921,犯罪 剧情 爱情,王家卫是一种风格，张国荣是一个代表。
206,可可西里,中国大陆 中国香港,2004,陆川,8.7,186947,剧情 犯罪,坚硬的信仰。
207,初恋这件小事,泰国,2010,普特鹏·普罗萨卡·那·萨克那卡林,8.4,687822,剧情 喜剧 爱情,黑小鸭速效美白记。
208,香水,德国 法国 西班牙 美国,2006,汤姆·提克威,8.5,386500,剧情 犯罪 奇幻,一个单凭体香达到高潮的男人。
209,牯岭街少年杀人事件,中国台湾,1991,杨德昌,8.8,163758,剧情 犯罪,弱者送给弱者的一刀。
210,2001太空漫游,英国 美国,1968,斯坦利·库布里克,8.8,173760,科幻 惊悚 冒险,现代科幻电影的开山之作，最伟大导演的最伟大影片。
211,哈利·波特与阿兹卡班的囚徒,英国 美国,2004,Alfonso,8.5,312335,剧情 奇幻 冒险,不一样的导演，不一样的哈利·波特。
212,爱在午夜降临前,美国 希腊,2013,理查德·林克莱特,8.8,186674,剧情 爱情,所谓爱情，就是话唠一路，都不会心生腻烦，彼此嫌弃。
213,谍影重重2,美国 德国,2004,保罗·格林格拉斯,8.6,235873,动作 悬疑 惊悚,谁说王家卫镜头很晃？
214,谍影重重,美国 德国 捷克,2002,道格·里曼,8.6,281316,动作 悬疑 惊悚,哗啦啦啦啦，天在下雨，哗啦啦啦啦，云在哭泣……找自己。
215,战争之王,美国 法国,2005,安德鲁·尼科尔,8.6,241106,剧情 犯罪,做一颗让别人需要你的棋子。
216,地球上的星星,印度,2007,阿米尔·汗,8.9,132660,剧情 儿童 家庭,天使保护事件始末。
217,青蛇,中国香港,1993,徐克,8.5,327760,剧情 爱情 奇幻 古装,人生如此，浮生如斯。谁人言，花彼岸，此生情长意短。谁都是不懂爱的罢了。
218,无耻混蛋,德国 美国,2009,Quentin,8.5,320036,剧情 犯罪,昆汀同学越来越变态了，比北野武还杜琪峰。
219,新龙门客栈,中国香港 中国大陆,1992,李惠民,8.6,282485,动作 爱情 武侠 古装,嬉笑怒骂，调风动月。
220,浪潮,德国,2008,丹尼斯·甘塞尔,8.7,185560,剧情 惊悚,世界离独裁只有五天。
221,朗读者,美国 德国,2008,史蒂芬·戴德利,8.5,347547,剧情 爱情,当爱情跨越年龄的界限，它似乎能变得更久远一点，成为一种责任，一种水到渠成的相濡以沫。 
222,哈利·波特与密室,美国 英国 德国,2002,Chris,8.5,329956,奇幻 冒险,魔法的密室之门已打开...
223,源代码,美国 加拿大,2011,邓肯·琼斯,8.4,550685,科幻 悬疑 惊悚,邓肯·琼斯继《月球》之后再度奉献出一部精彩绝伦的科幻佳作。
224,绿里奇迹,美国,1999,Frank,8.8,164803,犯罪 剧情 奇幻 悬疑,天使暂时离开。
225,步履不停,日本,2008,是枝裕和,8.8,155965,剧情 家庭,日本的家庭电影已经是世界巅峰了，步履不停是巅峰中的佳作。
226,城市之光,美国,1931,Charles,9.3,73619,喜剧 剧情 爱情,永远的小人物，伟大的卓别林。
227,血钻,美国 德国,2006,爱德华·兹威克,8.6,218874,剧情 惊悚 冒险,每个美丽事物背后都是滴血的现实。
228,彗星来的那一夜,美国 英国,2013,詹姆斯·沃德·布柯特,8.5,309143,科幻 悬疑 惊悚,小成本大魅力。
229,小萝莉的猴神大叔,印度,2015,卡比尔·汗,8.5,304440,剧情 喜剧 动作,宝莱坞的萝莉与大叔。
230,再次出发之纽约遇见你,美国,2013,约翰·卡尼,8.5,267632,喜剧 爱情 音乐,爱我就给我看你的播放列表。
231,疯狂的麦克斯4：狂暴之路,澳大利亚 美国,2015,乔治·米勒,8.6,327424,动作 科幻 冒险,“多么美好的一天！”轰轰轰砰咚，啪哒哒哒轰隆隆，磅~
232,追随,英国,1998,克里斯托弗·诺兰,8.9,117690,犯罪 悬疑 惊悚,诺兰的牛逼来源于内心散发出的恐惧。
233,一次别离,伊朗 法国,2011,阿斯哈·法哈蒂,8.7,179726,剧情 家庭,只有有信仰的人才能说出事实真相。
234,东京物语,日本,1953,小津安二郎,9.2,80416,剧情 家庭,东京那么大，如果有一天走失了，恐怕一辈子不能再相见。
235,小偷家族,日本,2018,是枝裕和,8.7,500349,剧情 犯罪 家庭,我们组成了家。
236,遗愿清单,美国,2007,罗伯·莱纳,8.6,217271,冒险 喜剧 剧情,用剩余不多的时间，去燃烧整个生命。
237,聚焦,美国,2015,托马斯·麦卡锡,8.8,186346,剧情 传记,新闻人的理性求真。
238,色，戒,中国台湾 中国大陆 美国 中国香港,2007,李安,8.4,409596,剧情 爱情 情色,假戏真情，爱欲深海
239,撞车,美国 德国,2004,保罗·哈吉斯,8.6,232505,犯罪 剧情,天使与魔鬼的冲撞。
240,发条橙,英国 美国,1971,Stanley,8.5,259657,犯罪 剧情 科幻,我完全康复了。
241,大佛普拉斯,中国台湾,2017,黄信尧,8.7,220729,剧情 喜剧 犯罪,人们可以登上月球，却永远无法探索人们内心的宇宙。
242,梦之安魂曲,美国,2000,达伦·阿伦诺夫斯基,8.7,153197,剧情,一场没有春天的噩梦。
243,驴得水,中国大陆,2016,周申,8.3,565855,剧情 喜剧,过去的如果就让它过去了，未来只会越来越糟！
244,黑鹰坠落,美国,2001,雷德利·斯科特,8.6,186082,动作 历史 战争,还原真实而残酷的战争。
245,E.T. 外星人,美国,1982,史蒂文·斯皮尔伯格,8.6,229577,剧情 科幻,生病的E.T.皮肤的颜色就像柿子饼。
246,我爱你,韩国,2011,秋昌民,9.0,94191,剧情 爱情,你要相信，这世上真的有爱存在，不管在什么年纪 
247,千钧一发,美国,1997,安德鲁·尼科尔,8.8,146851,剧情 科幻 惊悚,一部能引人思考的科幻励志片。
248,末路狂花,美国 法国,1991,雷德利·斯科特,8.7,148682,犯罪 剧情 惊悚,没有了退路，只好飞向自由。
249,变脸,美国,1997,吴宇森,8.5,291884,动作 科幻 犯罪 惊悚,当发哥的风衣、墨镜出现在了凯奇身上⋯⋯
250,这个男人来自地球,美国,2007,理查德·沙因克曼,8.5,262248,剧情 科幻,科幻真正的魅力不是视觉效果能取代的。 
